ID,name_product,price_product,number_purchaser,name_store,address
1,小熊帽子秋冬女围巾手套一体连帽冬季围脖可爱保暖毛绒冬天三件套,41.00元,5万+人收货,型公馆服饰旗舰店,江苏
2,帽子男士冬天护耳防风雷锋帽男冬季棉帽防寒面罩骑车电瓶车头套女,38.00元,4万+人收货,柔立旗舰店,浙江
3,小熊帽子秋冬女围巾手套一体连帽冬季围脖可爱保暖毛绒冬天三件套,29.90元,4万+人收货,包牛旗舰店,浙江
4,COSO儿童帽子秋冬季加绒加厚围巾手套一体男童女童宝宝保暖三件套,28.90元,3万+人收货,COSO旗舰店,浙江
5,帽子男士秋冬潮毛线帽男款保暖百搭冷帽宽松大头围显脸小针织帽男,26.00元,3万+人收货,贝纳登旗舰店,浙江
6,大头围粗毛线帽子女秋冬季宽松保暖堆堆冷帽大脸显脸小针织护耳帽,36.00元,3万+人收货,卡菲翔旗舰店,浙江
7,帽子男士冬季防寒面罩围脖护耳套头帽骑行摩托车头套防风保暖神器,19.80元,3万+人收货,纪梵保罗旗舰店,浙江
8,帽子女士冬季2023新款保暖骑车防风面罩防寒加厚护颈脖套围脖一体,18.80元,3万+人收货,画蔻旗舰店,浙江
9,啄木鸟中老年帽子男冬季老人保暖爸爸爷爷加绒加厚护耳针织毛线帽,26.90元,3万+人收货,啄木鸟纳众专卖店,浙江
10,毛绒小熊帽子围巾一体女款2023新款冬季手套连帽围脖骑行三件套暖,25.00元,2万+人收货,卡兰薇旗舰店,浙江
11,李宁正品帽子男士冬季针织帽男防寒保暖加绒毛线帽女运动新款男帽,38.90元,2万+人收货,李宁利都全时专卖店,广东
12,帽子秋冬季男女毛线帽旅游保暖神器针织头套防风面罩围巾一体护耳,3.90元,2万+人收货,蘑菇小队日用百货创意小商品,浙江
13,巴拉克拉法帽子男士头套秋冬复古黑色毛线针织冷帽防风护脸面罩女,24.80元,2万+人收货,krzt旗舰店,浙江
14,帽子女2023新款冬季保暖毛线帽大头围显脸小宽松护耳针织帽韩版潮,35.00元,2万+人收货,卡菲翔旗舰店,浙江
15,儿童帽子围巾手套三件套冬季加绒加厚女童一体帽男宝宝防风帽亲子,35.80元,2万+人收货,京琐记旗舰店,浙江
16,小熊帽子围巾一体女秋冬季百搭2023年爆款可爱保暖连帽毛绒三件套,22.80元,2万+人收货,芭朵恋旗舰店,江苏
17,帽子女冬季加绒加厚防风面罩保暖神器电动车骑行男头套棉帽雷锋帽,28.00元,2万+人收货,啄木鸟纳众专卖店,浙江
18,小熊帽子围巾一体女冬保暖可爱毛绒护耳骑车三件套手套围脖冬季,23.00元,2万+人收货,黑眼豆豆zhou,浙江
19,儿童帽子冬季男女童可爱萌护耳帽围巾手套一体帽小熊款宝宝套头帽,35.00元,2万+人收货,赞赞鼠旗舰店,江苏
20,毛线帽子秋冬季女款百搭针织包头显脸小保暖白色毛绒茸冷帽大头围,19.80元,2万+人收货,cgediao旗舰店,浙江
21,帽子男冬防寒针织帽加厚保暖毛线帽棉帽冬季骑行电动车防风护耳罩,13.86元,2万+人收货,e帽士,浙江
22,兔毛醒狮帽子女秋冬可爱保暖毛绒渔夫帽百搭显脸小水桶毛茸茸盆帽,36.00元,2万+人收货,弥潮旗舰店,浙江
23,王嘉尔同款针织帽子男士冬季大头围黑色潮牌毛线帽美式堆堆冷帽女,28.80元,2万+人收货,韩柏雅服饰旗舰店,广东
24,啄木鸟帽子男冬季针织帽潮骑行防寒冷帽护耳加厚保暖加绒棉毛线帽,26.90元,2万+人收货,啄木鸟纳众专卖店,浙江
25,帽子女2023新款冬季帽子围巾一体围脖帽子围巾手套三件套秋冬百搭,29.80元,2万+人收货,奇芳源旗舰店,江苏
26,可爱小熊毛线帽子女冬季2023年爆款毛绒保暖毛毛秋冬大头围针织帽,23.00元,2万+人收货,黑眼豆豆zhou,浙江
27,小熊帽子围巾手套口罩一体三件套女冬季保暖毛绒防风围脖连帽秋冬,29.80元,2万+人收货,慕兰塔旗舰店,江苏
28,2023新款大头围秋冬女款棒球帽加大加深男款帽子显脸小软顶鸭舌帽,10.24元,1万+人收货,天天特卖工厂店,浙江
29,加绒冬天帽子围巾一体女骑电动车防风帽东北冬季防寒针织保暖帽潮,26.00元,1万+人收货,COCMR,浙江
30,森马集团棉致儿童帽子围巾一体秋冬季女童男孩宝宝围脖保暖毛绒加,35.90元,1万+人收货,棉致俏奇专卖店,浙江
31,帽子男冬天防寒针织帽加绒加厚保暖毛线帽棉帽冬季骑行防风冷帽,7.11元,1万+人收货,天天特卖工厂店,浙江
32,可爱加厚毛绒小熊帽子围巾一体女秋冬季韩版保暖护耳帽骑车防寒潮,25.80元,1万+人收货,问香坊,浙江
33,啄木鸟帽子男冬天防寒针织帽加绒加厚保暖毛线帽棉帽骑行防风冷帽,25.90元,1万+人收货,啄木鸟纳众专卖店,浙江
34,2023秋冬新款帽子围巾一体防风帽毛绒护耳保暖可爱萌加厚防护面罩,19.80元,1万+人收货,北宛依旗舰店,浙江
35,小熊帽子女秋冬围巾手套一体连帽冬季围脖保暖可爱毛绒冬天三件套,39.00元,1万+人收货,茜羽裳旗舰店,浙江
36,小熊毛绒帽子围巾一体女款冬季可爱秋冬款手套三件套保暖2023新款,39.00元,1万+人收货,怡情花旗舰店,浙江
37,儿童帽子围巾手套三件套冬季加绒加厚女童一体帽男大童保暖防风帽,35.80元,1万+人收货,童普哆旗舰店,浙江
38,兔毛针织毛绒帽女2023秋冬季新款毛茸茸醒狮渔夫帽显脸小毛线帽子,25.00元,1万+人收货,问香坊,浙江
39,赵露思同款帽子女秋冬渔夫帽大头围大脸适合加厚保暖羊羔毛鸭舌帽,24.80元,1万+人收货,雾敦堡旗舰店,浙江
40,毛绒小熊帽子围巾女秋冬骑车儿童保暖护耳2023新款冬季围脖一体帽,35.00元,1万+人收货,松蔻旗舰店,浙江
41,李宁帽子男冬季针织帽男款跑步加绒防寒护耳保暖大头围毛线帽男士,48.00元,1万+人收货,李宁利都全时专卖店,浙江
42,小熊帽子冬天可爱围巾手套一体冬季围脖连帽女口罩保暖秋冬三件套,32.00元,1万+人收货,米舒熊旗舰店,江苏
43,李宁官方帽子男冬男士保暖防寒毛线帽针织帽瓜皮雅痞帽冬天冬季秋,35.00元,1万+人收货,李宁利都全时专卖店,浙江
44,真兔毛针织帽子女秋冬新款大头围护耳毛线帽宽松加厚保暖渔夫盆帽,45.00元,1万+人收货,卡菲翔旗舰店,浙江
45,含羊毛秋冬毛线堆堆帽大头围百搭休闲冷帽保暖帽子情侣护耳针织帽,24.80元,1万+人收货,黑眼豆豆zhou,浙江
46,小熊帽子女冬季可爱百搭保暖毛绒帽手套连帽围脖围巾一体三件套潮,39.00元,1万+人收货,岚影旗舰店,江苏
47,针织毛线帽子围巾一体女冬季加绒加厚保暖护耳中老年人帽2023新款,28.00元,1万+人收货,针茵旗舰店,浙江
48,帽子女冬季新款加绒渔夫帽保暖棉帽防风护耳雷锋帽女秋冬毛绒盆帽,27.80元,1万+人收货,慕艳雪旗舰店,浙江
49,2023新款小熊耳朵毛绒帽子围巾一体女冬季骑行加厚保暖护耳三件套,29.80元,1万+人收货,少女之家旗舰店,浙江
50,帽子男士冬季大头围针织帽男保暖毛线帽潮冬天堆堆帽男款冷帽棉帽,38.00元,1万+人收货,春虫虫旗舰店,浙江
51,大头围帽子冬款女堆堆毛线帽可爱显脸小冷帽百搭米色宽松粗针织帽,11.76元,1万+人收货,淘工厂特卖店,北京
52,宝宝帽子围巾一体护脖帽秋冬季儿童可爱男孩男童女保暖围脖护耳帽,25.80元,1万+人收货,金顶冠旗舰店,浙江
53,可爱帕恰狗毛绒连帽围脖女冬季款保暖冬天手套帽子围巾一体三件套,28.80元,1万+人收货,hanchao韩巢旗舰店,浙江
54,小熊帽子韩版可爱女百搭秋冬季冬天围巾一体保暖手套围脖三件套潮,45.00元,1万+人收货,艾佳微旗舰店,浙江
55,围巾帽子一体秋冬季保暖毛绒加厚仿兔毛可爱护耳帽子2023年新款女,19.90元,1万+人收货,狄诗缇旗舰店,江苏
56,帽子秋冬季男女毛线帽骑车保暖神器针织头套防风面罩围巾一体护耳,3.90元,1万+人收货,俏俏家居精品日用百货小商品,浙江
57,男士帽子冬季青年保暖加厚针织毛线帽韩版潮加绒秋冬棉帽防寒套头,9.50元,1万+人收货,时尚帽子小铺,浙江
58,帽子男士冬季中老年人爸爸保暖棒球帽老人爷爷秋冬天护耳老头棉帽,29.90元,1万+人收货,冰古旗舰店,浙江
59,帽子男士秋冬潮毛线帽男款保暖百搭冷帽宽松大头围显脸小针织帽女,12.58元,1万+人收货,天天特卖工厂店,浙江
60,黑色贝雷帽女2023秋冬季新款日系大头围显脸小八角帽画家帽子,14.50元,1万+人收货,问香坊,浙江
61,秋冬保暖字母针织帽子男防寒嘻哈护耳毛线帽时尚百搭包头冷帽潮流,27.80元,1万+人收货,织语秀旗舰店,浙江
62,儿童帽子宝宝围巾一体秋冬季可爱超萌帽男女童加厚保暖婴儿护耳帽,25.80元,1万+人收货,金顶冠旗舰店,浙江
63,冬季帽子女保暖防寒毛线帽针织帽秋冬韩版百搭骑车冬天月子帽时尚,6.98元,1万+人收货,百兰诗旗舰店,浙江
64,帽子男士冬季保暖加厚护耳老人帽子男冬天中老年人爸爸针织毛线帽,12.55元,1万+人收货,天天特卖工厂店,浙江
65,帽子男2023新款冬季骑行防风保暖护耳套头棉帽加绒加厚防寒雷锋帽,39.90元,1万+人收货,啄木鸟纳众专卖店,浙江
66,花花公子男士帽子加绒加厚冬季毛线帽青年百搭防寒护耳套头针织帽,9.80元,1万+人收货,花前月下服饰特卖,浙江
67,棒球帽男女2023新款帽子深顶宽帽檐大头围鸭舌帽显脸小帽子,9.60元,1万+人收货,问香坊,浙江
68,儿童帽子秋冬季男女童户外骑行防风面罩护耳套头帽宝宝围巾一体帽,34.70元,1万+人收货,布丁新语旗舰店,浙江
69,稻草人帽子男士冬季保暖加绒加厚护耳骑车毛线防寒新款针织包头帽,29.90元,1万+人收货,稻草人服饰配件旗舰店,浙江
70,【今日下单 买一送一送围脖】秋冬季女保暖加厚松鼠绒堆堆帽时尚,19.99元,1万+人收货,金豆子大百货,河北
71,帽子男冬季护耳帽骑行保暖冷帽大头围毛线帽男包头加绒针织帽男士,24.00元,1万+人收货,贝纳登旗舰店,浙江
72,户外男士帽子秋冬季帽男包头帽毛线帽潮牌冬天骑车加厚保暖针织帽,9.90元,1万+人收货,尊沁户外专营店,浙江
73,2023新款帽子男士秋冬季保暖毛线帽女护耳加厚百搭黑色针织冷帽潮,32.00元,1万+人收货,莱艳宛旗舰店,广东
74,可爱毛绒小熊护耳帽子女冬季加厚加绒口罩围巾一体骑车保暖雷锋帽,25.80元,1万+人收货,黑眼豆豆zhou,浙江
75,冬季加绒毛线帽加厚保暖东北针织帽女大头围护耳毛球帽子白色球帽,8.90元,1万+人收货,倪倪儿,浙江
76,小熊耳朵帽子围巾一体女冬季韩版卡通可爱毛绒保暖围脖手套三件套,21.00元,1万+人收货,问香坊,浙江
77,婴儿帽子秋冬款纯棉新生婴幼儿护卤门帽初生宝宝0到3个月冬季胎帽,17.90元,1万+人收货,爱贝迪拉旗舰店,江苏
78,帽子女童男童冬季保暖可爱会动兔耳朵帽儿童成人亲子围巾手套一体,37.00元,1万+人收货,汀莱岚旗舰店,江苏
79,富柜网红堆堆帽女秋冬季产后月子帽百搭显脸小针织毛线包头冷帽子,9.66元,1万+人收货,富柜旗舰店,浙江
80,儿童帽子女孩秋冬款兔耳朵会动围巾一体女童宝宝围脖可爱男童冬季,35.00元,1万+人收货,小贝童品kids,浙江
81,加大头围鱼夫女帽兔毛渔夫帽毛茸茸帽子秋冬显脸小白色毛绒水桶帽,39.00元,1万+人收货,大^星球 BIGHAT,浙江
82,加绒针织帽子女冬天加厚保暖骑车防寒护耳帽韩版字母百搭毛线帽男,25.80元,1万+人收货,MAOCO轻奢韩风帽饰,浙江
83,针织帽子男士冬季潮牌大头围包头冷帽韩版百搭保暖毛线帽女显脸小,27.90元,1万+人收货,兰惠园旗舰店,广东
84,帽子女2023新款冬季毛绒渔夫帽加厚保暖防风护耳雷锋帽东北显脸小,32.00元,1万+人收货,卡菲翔旗舰店,浙江
85,大头围毛线帽子女冬2023新款日系保暖护耳冷帽堆堆帽显脸小针织帽,33.00元,1万+人收货,卡菲翔旗舰店,浙江
86,围巾帽子一体秋冬季保暖毛绒加厚仿兔毛可爱护耳帽子2023年爆款女,22.90元,1万+人收货,好麦服饰配件,江苏
87,儿童星黛露帽子围巾一体2023新款秋冬季毛绒手套围脖冬款女童女孩,25.80元,1万+人收货,奇奇鱼旗舰店,浙江
88,毛绒蒙古帽子女秋冬防寒白色保暖东北盆帽护耳帽狐狸毛渔夫帽毛毛,19.90元,1万+人收货,DouDou皮草店,河北
89,[THE HOBOO] 原创小山标毛线帽女秋冬针织包头帽男日系保暖冷帽子,39.00元,1万+人收货,THE HOBOO,广东
90,儿童帽子围巾一体秋冬季耳朵会动男童宝宝三件套手套女童围脖护耳,35.00元,1万+人收货,小贝童品kids,浙江
91,帽子女款2023新款秋冬季孕妇产后月子帽可爱女士加绒保暖堆堆冷帽,11.60元,1万+人收货,天天特卖工厂店,浙江
92,帽子女秋冬季羊羔毛渔夫帽黑色素颜显脸小水桶帽大脸保暖毛绒盆帽,32.00元,1万+人收货,慕艳雪旗舰店,浙江
93,帽子男冬天防风面罩骑行围脖防寒加绒厚头套保暖神器护颈椎脖套女,16.80元,1万+人收货,意制旗舰店,广东
94,纯色毛绒帽子围巾手套一体女秋冬季百搭加厚保暖骑车防寒护耳连帽,39.90元,1万+人收货,惟嫒旗舰店,浙江
95,中老年人帽子女保暖秋冬天妈妈兔毛线加绒厚帽奶奶针织帽围巾棉帽,8.74元,1万+人收货,天天特卖工厂店,浙江
96,花花公子新夏季男女棒球帽春夏季休闲海边户外防晒遮阳太阳鸭舌帽,8.90元,1万+人收货,PRADA优品,江苏
97,【我的头不圆】赫本风澳毛渔夫帽子秋冬款法式复古小香风优雅礼帽,89.00元,1万+人收货,我的头不圆,浙江
98,帽子女冬季可爱小熊毛绒护耳帽2023新款加绒加厚保暖显脸小雷锋帽,29.90元,1万+人收货,啄木鸟纳众专卖店,浙江
99,jeep吉普男士帽子冬季防风防寒保暖棉护耳加绒套头针织毛线帽男,59.90元,1万+人收货,Jeep西岛专卖店,浙江
100,纯羊毛针织帽子男款冬季双层加厚保暖大头围骑行护耳防风毛线冷帽,79.00元,1万+人收货,cacuss旗舰店,江苏
101,小熊帽子女冬季围巾连帽一体保暖防寒口罩围脖骑行三件套2023新款,24.00元,1万+人收货,宝姬兰旗舰店,浙江
102,儿童帽子宝宝婴儿2023新款男孩防风围巾一体护耳帽秋冬季男童女童,29.90元,1万+人收货,小贝潮童店,江苏
103,迪士尼正版可爱毛绒维尼熊包头帽冬季保暖护耳防寒帽子加绒套头帽,39.00元,1万+人收货,黑眼豆豆zhou,浙江
104,李宁正品毛线帽保暖加绒针织帽子男士冬季防寒男款女冬天新款男帽,45.00元,1万+人收货,泰海运动专营店,浙江
105,帽子女士冬季2023新款保暖骑车防风面罩防寒加厚护颈脖套围脖一体,12.64元,1万+人收货,天天特卖工厂店,浙江
106,小熊帽子女秋冬季可爱毛绒帽加厚保暖围巾一体连帽围脖手套三件套,39.00元,1万+人收货,浅奈莎旗舰店,江苏
107,花花公子新夏季男女棒球帽春夏季休闲海边户外防晒遮阳太阳鸭舌帽,8.90元,1万+人收货,淘好价精选,浙江
108,中老年人帽子女秋冬天妈妈兔毛线加绒厚保暖帽奶奶针织帽老人棉帽,28.00元,1万+人收货,麻设旗舰店,江苏
109,骑车面罩防风防寒神器秋冬季保暖全脸女帽子男口罩护耳冬天电动车,8.90元,1万+人收货,纪梵保罗旗舰店,浙江
110,帽子2023新款男士冬季加绒加厚保暖防风护耳帽围脖一体毛线针织帽,6.24元,1万+人收货,天天特卖工厂店,浙江
111,帽子男冬天防寒针织帽一体帽加绒加厚保暖毛线帽棉帽骑行防风冷帽,6.90元,1万+人收货,天天特卖工厂店,浙江
112,2023新款秋冬渔夫帽女遮阳防晒高级感素颜神器薄款日系帽子显脸小,10.20元,1万+人收货,足部专家,河北
113,宝宝帽子围巾一体帽冬款加厚男女童婴儿毛绒帽男孩围脖护耳帽儿童,27.30元,1万+人收货,派杰熊旗舰店,浙江
114,秋冬季儿童帽子围巾一体耳朵会动毛绒男童女童防风保暖宝宝围脖,25.80元,1万+人收货,大眼妙妙旗舰店,浙江
115,日系冬天小熊耳朵雷锋帽女可爱百搭加绒保暖滑雪帽骑行防风护耳帽,35.00元,1万+人收货,MXS潮帽店,浙江
116,帽子女秋冬季法式复古小香风千金优雅名媛礼帽赫本风羊毛呢渔夫帽,21.84元,1万+人收货,天天特卖工厂店,浙江
117,儿童帽子秋冬季女童毛线帽宝宝护耳帽可爱小熊毛绒针织帽男童冬款,29.80元,1万+人收货,小贝童品kids,浙江
118,南极人帽子男士冬季防风面罩帽子脖套两件套骑行电动车包头套护耳,28.00元,1万+人收货,nanjiren南极人十竹专卖店,浙江
119,迪卡侬帽子女秋冬针织帽毛线帽冷帽月子帽保暖男春秋圆脸潮 OVWH,49.90元,1万+人收货,迪卡侬旗舰店,江苏
120,巴拉克拉法帽日系复古黑色保暖毛线帽子男士头套针织帽面罩冷帽,24.50元,1万+人收货,im may,浙江
121,帽子男冬季骑行电动车保暖神器加厚棉帽女防风防寒面罩冬天雷锋帽,29.00元,1万+人收货,雾敦堡旗舰店,浙江
122,帽子男士骑行帽户外护耳防风雷锋帽女士冬季帽子保暖防寒加绒加厚,16.92元,1万+人收货,天天特卖工厂店,浙江
123,2023新款秋冬渔夫帽女遮阳防晒高级感素颜神器薄款日系帽子显脸小,10.20元,1万+人收货,淘好价精选,浙江
124,稻草人帽子女针织帽秋冬季保暖加厚护耳新款大头围渔夫毛线八角帽,29.90元,1万+人收货,稻草人晓桦专卖店,浙江
125,新款帽子女加绒加厚围巾一体风雪帽秋冬季松鼠绒毛线帽保暖网红帽,36.00元,1万+人收货,晴舒曼旗舰店,河北
126,帽子男款冬季加绒保暖针织毛线帽冷帽包头春秋男士光头堆堆帽四季,18.90元,1万+人收货,纪梵保罗旗舰店,浙江
127,毛绒渔夫帽女冬季兔毛针织毛毛帽子显脸小保暖醒狮帽大头围毛线帽,33.90元,1万+人收货,问香坊,浙江
128,代购无印手工大头围毛绒针织帽子女新款秋冬加厚保暖显脸小毛线帽,28.80元,1万+人收货,无印专购特卖店,浙江
129,婴儿帽子秋季冬款新生婴幼儿帽宝宝保暖毛线无骨帽子护耳针织胎帽,21.80元,9000+人收货,爱贝迪拉旗舰店,江苏
130,小熊帽子毛绒围巾女冬季可爱冬天手套三件套连帽一体护耳围脖保暖,24.90元,9000+人收货,型公馆服饰旗舰店,江苏
131,冬天中老年人帽子男爸爸保暖平顶帽棉爷爷老头休闲加绒护耳鸭舌帽,26.00元,9000+人收货,麻设旗舰店,江苏
132,帽子女冬季2023新款显脸小百搭冷帽网红可爱猫耳朵保暖护耳包头帽,29.00元,9000+人收货,啄木鸟纳众专卖店,浙江
133,GREENHOUSES可爱毛绒绒小熊耳朵帽子女秋冬保暖护耳大头围雷锋帽,32.00元,9000+人收货,GREENHOUSES,浙江
134,FHI女冬季大头围真兔毛毛绒帽子秋冬季盆帽遮脸显脸小水桶渔夫帽,89.00元,9000+人收货,fhi旗舰店,浙江
135,婴儿帽子秋冬款纯棉新生婴幼儿初生0到3个月女宝宝小帽冬季胎帽,16.90元,9000+人收货,爱贝迪拉旗舰店,江苏
136,毛绒帽子女秋冬季围巾一体保暖加绒骑车围脖可爱防寒护耳2023新款,28.50元,9000+人收货,dulin度琳旗舰店,浙江
137,帽子男冬毛线帽女加厚保暖针织潮韩版户外棉帽护耳冬天骑车套头帽,19.80元,9000+人收货,巴赛博旗舰店,浙江
138,羊羔卷拼色盆帽女生气质素雅高级感台灯帽软糯保暖显脸小渔夫帽男,28.00元,9000+人收货,胡茬叔叔FOURTHSTUDIO,广东
139,小熊口罩帽子冬天冬季围巾一体手套围脖连帽女可爱保暖三件套秋冬,33.00元,9000+人收货,型公馆服饰旗舰店,江苏
140,东北新款毛绒帽子围巾一体冬款女可爱学生保暖雷锋帽电动车防寒帽,29.00元,9000+人收货,小柒家 私人订制,浙江
141,男士帽子冬季青年保暖加厚针织毛线帽韩版潮加绒秋冬棉帽防寒套头,8.90元,9000+人收货,帽帽基地,浙江
142,儿童帽子冬季男女童可爱萌护耳帽围巾手套一体帽小熊款宝宝套头帽,10.97元,9000+人收货,天天特卖工厂店,浙江
143,棒球帽子女款秋冬季显脸小大头围百搭保暖可爱羊羔毛绒小兔鸭舌帽,25.80元,9000+人收货,cgediao旗舰店,浙江
144,保暖面罩防风防寒神器秋冬季骑车全脸女帽子男口罩护耳冬天电动车,4.41元,9000+人收货,天天特卖工厂店,浙江
145,稻草人大头围毛线帽子女秋冬季保暖羊毛堆堆冷帽显脸小针织护耳帽,36.90元,9000+人收货,稻草人晓桦专卖店,浙江
146,迪卡侬帽子滑雪摇粒绒帽保暖秋冬加绒成人儿童亲子单双板OVWH,14.90元,9000+人收货,迪卡侬旗舰店,江苏
147,白色兔毛帽子女秋冬季毛绒渔夫帽大头围冬天毛毛水桶帽盆帽显脸小,30.90元,9000+人收货,暖故事旗舰店,浙江
148,秋冬季帽子男骑车女户外围脖两件套毛线帽加绒保暖防寒针织帽旅游,3.12元,9000+人收货,天天特卖工厂店,浙江
149,秋冬男女同款卡通小狗刺绣针织毛线帽子保暖百搭韩版护耳冷帽潮流,27.80元,9000+人收货,织语秀旗舰店,浙江
150,帽子男冬季护耳帽毛线帽男士骑行保暖棉帽防寒耳罩针织帽男款冬天,25.00元,9000+人收货,柔立旗舰店,浙江
151,帽子女冬天老年人奶奶加绒厚保暖护耳兔毛线帽中老年妈妈防寒棉帽,28.00元,9000+人收货,凤丽旗舰店,江苏
152,帽子女冬防风面罩骑行防寒加绒厚头套电动车保暖雷锋棉帽男老人帽,29.20元,8000+人收货,首约旗舰店,浙江
153,毛绒小熊帽子女秋冬季2023新款护耳保暖防寒显脸小可爱耳朵雷锋帽,35.00元,8000+人收货,无橘旗舰店,浙江
154,秋冬季帽子女韩版潮百搭时尚加绒毛线帽冬天骑车保暖防风防寒棉帽,19.80元,8000+人收货,冷森旗舰店,浙江
155,帽子男冬天护耳加绒毛线帽围脖一体加厚骑行帽秋冬男帽护颈连体帽,9.80元,8000+人收货,臣绘旗舰店,浙江
156,冬季帽子女款小熊耳朵加厚毛绒保暖包头帽秋冬帽大头围针织帽,7.43元,8000+人收货,天天特卖工厂店,浙江
157,高品质羊毛贝雷帽女生韩版咖啡色蓓蕾帽子百搭文艺复古画家帽冬季,35.00元,8000+人收货,林小橘的店,广东
158,小熊帽子口罩围巾一体女秋冬季加厚毛绒围脖骑车护耳可爱保暖棉帽,8.80元,8000+人收货,天天特卖工厂店,浙江
159,熊耳朵帽可爱保暖帽子2023爆款抖音毛绒加绒百搭针织毛线帽冷帽潮,27.97元,8000+人收货,锦鲤鲤帽,浙江
160,日系原宿风y2k撞色条纹毛绒毛线帽子女秋冬保暖百搭猫耳朵护耳帽,29.00元,8000+人收货,卡动旗舰店,浙江
161,婴儿帽子秋冬季小月龄可爱超萌保暖男女宝宝护耳毛绒套头帽纯色潮,20.80元,8000+人收货,小淘气童帽店,浙江
162,儿童帽子围巾一体秋冬季兔耳朵会动女孩可爱三件套男女童围脖宝宝,35.00元,8000+人收货,小贝童品kids,浙江
163,兔毛堆堆帽子女2023新款秋冬韩版保暖渔夫帽适合大脸显脸小水桶帽,15.65元,8000+人收货,天天特卖工厂店,浙江
164,帽子女款冬季围脖一体电动车秋冬天骑车保暖神器防风2023新款冬款,22.80元,8000+人收货,马迪亚旗舰店,江苏
165,小熊毛绒帽子围巾一体女秋冬季韩版加厚保暖护耳骑行雷锋帽显脸小,26.00元,8000+人收货,黑眼豆豆zhou,浙江
166,杨同学严选帽子冬天渔夫帽女可爱保暖秋冬季大耳朵毛绒加厚小狗帽,39.60元,8000+人收货,杨同学旗舰店,广东
167,韩国巴拉克拉法帽子女冬季保暖帽子围脖一体情侣款护耳毛线针织帽,39.60元,8000+人收货,GREENHOUSES,浙江
168,耳朵会动的可爱玉桂狗毛绒连帽子围巾围脖一体女秋冬季手套三件套,19.70元,8000+人收货,hanchao韩巢旗舰店,浙江
169,中老年人帽子男士冬季爸爸老人帽子加绒保暖抗寒爷爷老头护耳棉帽,23.74元,8000+人收货,卡帝乐鳄鱼宏丰专卖店,浙江
170,马登工装巴拉克拉法帽黑色保暖头套防风面罩针织毛线冷帽子男冬季,49.90元,8000+人收货,马登工装,广东
171,婴儿帽子秋冬季宝宝毛线帽儿童护耳帽珊瑚绒可爱针织男童女童冬款,25.00元,8000+人收货,小贝童品kids,浙江
172,2023新款儿童帽子电动车骑车挡风防风秋冬冬季防寒帽保暖女童男童,10.90元,8000+人收货,东都狼旗舰店,浙江
173,COSO小熊帽子女秋冬季可爱百搭保暖毛绒围巾一体连帽围脖加绒加厚,36.90元,8000+人收货,COSO旗舰店,浙江
174,小熊帽子女冬季三件套冬天可爱毛绒连帽围巾一体保暖手套护耳围脖,25.90元,8000+人收货,迈莉旗舰店,浙江
175,电动车帽子女冬季骑行防风面罩防寒头套棉帽冬天保暖神器雷锋帽男,29.00元,8000+人收货,雾敦堡旗舰店,浙江
176,大头围帽子男潮黑色棒球帽显脸小夏季休闲百搭韩版大码鸭舌帽男款,17.80元,8000+人收货,贝纳登旗舰店,浙江
177,新款特种兵帽子男女通用秋冬加厚登山骑行户外保暖防风战术抓绒帽,3.80元,8000+人收货,霞霞体育用品,广东
178,高品质贝雷帽女款2023新款秋冬显脸小羊毛蓓蕾帽韩系气质画家帽子,32.00元,8000+人收货,卡菲翔旗舰店,浙江
179,帽子女2023新款秋冬季大头围显脸小鸭舌帽加绒加厚羊羔毛渔夫帽女,9.99元,8000+人收货,天天特卖工厂店,浙江
180,毛绒帽子围巾手套一体女秋冬季骑车防寒护耳百搭加厚保暖连帽纯色,32.00元,8000+人收货,卡兰薇旗舰店,浙江
181,儿童帽子围巾一体冬季兔耳朵会动女童围脖毛绒可爱男童宝宝秋冬款,27.90元,8000+人收货,good88旗舰店,浙江
182,2023新款秋冬季帽子男士抓绒帽双面保暖针织帽毛线帽护耳防寒冷帽,32.00元,8000+人收货,浊酒余生旗舰店,广东
183,毛线帽子男士冬天户外套头保暖秋冬针织帽加绒加厚围脖防风两件套,5.22元,8000+人收货,天天特卖工厂店,浙江
184,骆驼冬季新款羊毛纱针织帽女护耳保暖毛线冷帽显脸小情侣针织帽男,49.00元,8000+人收货,骆驼官方旗舰店,广东
185,胡茬叔叔原创针织帽毛线帽男女同款冬季加厚防寒保暖护耳套头帽子,32.00元,8000+人收货,胡茬叔叔FOURTHSTUDIO,广东
186,小熊毛绒帽子围巾一体女秋冬季韩版显脸小百搭加厚保暖护耳雷锋帽,35.80元,8000+人收货,问香坊,浙江
187,中老年人帽子男士冬天爸爸鸭舌帽爷爷加绒护耳保暖帽老人冬季棉帽,36.00元,8000+人收货,麻设旗舰店,江苏
188,海澜之家针织帽毛线帽男士含羊毛冬季保暖加绒大头围2023新款帽子,59.00元,8000+人收货,海澜之家服饰配件旗舰店,山东
189,FINE STATE帽子男冬季2023新款大头围堆堆帽包头帽保暖冷帽男款,29.90元,8000+人收货,FINESTATE旗舰店,浙江
190,稻草人帽子女秋冬季加绒加厚保暖毛绒渔夫帽时尚护耳包头盆帽新款,29.00元,8000+人收货,稻草人服饰配件旗舰店,浙江
191,帽子女2023新款秋冬可爱毛绒绒小熊耳朵帽子保暖护耳大头围雷锋帽,29.99元,8000+人收货,karaya旗舰店,浙江
192,啄木鸟中老年人老人帽子女士妈妈秋冬季加厚老太太奶奶针织毛线帽,39.00元,8000+人收货,啄木鸟禄阔专卖店,浙江
193,卡通儿童帽子围巾手套一体三件套冬季保暖男女宝宝加绒加厚防风,31.80元,8000+人收货,月色真美Moonlight,浙江
194,冬天帽子女秋冬季毛线帽大头围黑色冷帽保暖护耳月子粗针织堆堆帽,27.90元,8000+人收货,暖故事旗舰店,浙江
195,兔毛堆堆帽子女新款秋冬韩版保暖渔夫帽适合大脸冷帽显脸小水桶帽,29.80元,8000+人收货,billizilly旗舰店,广东
196,百搭小熊帽子围巾一体女2023冬季新款冬天手套围脖女生头套三件套,39.90元,8000+人收货,琳澈旗舰店,江苏
197,冬帽男保暖针织帽子男士加绒加厚骑车防风防寒滑雪护耳毛线包头帽,8.90元,8000+人收货,天天特卖工厂店,浙江
198,大头围毛线帽女秋冬季保暖显脸小帽子冷帽2023新款防寒护耳针织帽,31.50元,7000+人收货,木村耀司旗舰店,浙江
199,圣诞节装饰用品圣诞帽大红无纺布圣诞老人帽子成人儿童头饰发光帽,0.73元,7000+人收货,知方阁官方店,广东
200,黑色帽子男士冬季保暖毛线帽针织帽大头围冷帽男潮新款加厚瓜皮帽,24.00元,7000+人收货,春虫虫旗舰店,浙江
201,毛线帽秋冬季男女时尚套头帽韩版潮加绒加厚针织帽保暖帽包头帽子,19.80元,7000+人收货,dreamsinavila旗舰店,浙江
202,芝士商店~黑色报童帽女显脸小帽子秋冬复古八角帽画家帽贝雷帽ins,35.00元,7000+人收货,芝士商店cheese,浙江
203,帽子冬季男雷锋帽男士冬天防寒面罩骑车保暖神器棉帽男款防寒耳罩,35.00元,7000+人收货,柔立旗舰店,浙江
204,加绒毛线帽冬季加厚保暖东北针织帽女大头围护耳毛球帽子白色球帽,8.60元,7000+人收货,微利帽业精品店,浙江
205,男士帽子冬季青年保暖加厚针织毛线帽韩版潮加绒秋冬棉帽防寒套头,9.90元,7000+人收货,姗禹旗舰店,浙江
206,帽子女冬款保暖电动车户外骑车护耳东北防寒雷锋帽男冬季加绒加厚,32.00元,7000+人收货,慕艳雪旗舰店,浙江
207,帽子男冬季中老年老人保暖爸爸爷爷加绒加厚护耳防寒针织毛线帽,35.00元,7000+人收货,思哲服饰专营店,浙江
208,粥可可手工针织帽子女2023新款冬拼接保暖渔夫帽毛线帽护耳毛绒帽,37.90元,7000+人收货,粥可可,浙江
209,帽子围巾一体男防风圣诞男士冬季保暖毛绒男生围脖耳罩男生三件套,33.55元,7000+人收货,柔立旗舰店,浙江
210,毛线帽子女秋冬季保暖显脸小兔毛绒大头围水桶渔夫护耳针织醒狮帽,29.80元,7000+人收货,元菲璐旗舰店,浙江
211,2022年帽子女粗针织毛线帽秋冬季百搭大头围绿色宽松ins潮显脸小,11.52元,7000+人收货,问香坊,浙江
212,深顶大头围棒球帽女2023新款显脸小加大宽帽檐鸭舌帽子夏季防晒帽,9.80元,7000+人收货,黑眼豆豆zhou,浙江
213,狐狸耳朵帽子女款2023新款可爱毛绒秋冬季百搭时尚围脖围巾一体帽,24.99元,7000+人收货,欧蝶莎旗舰店,浙江
214,高品质/澳洲羊毛贝雷帽不易起球韩版纯色复古画家帽子女生/版型好,48.00元,7000+人收货,胡茬叔叔FOURTHSTUDIO,广东
215,可爱小熊耳朵毛绒帽子2023年爆款女秋冬加厚保暖毛茸茸针织毛线帽,22.80元,7000+人收货,鹿一工作室,浙江
216,婴儿帽子秋冬季婴幼儿宝宝护耳毛线帽冬款一岁女儿童针织帽0一6月,33.00元,7000+人收货,minitutuya旗舰店,浙江
217,可爱小熊耳朵帽子女冬季保暖骑车护耳滑雪帽棉帽东北防寒雷锋帽男,32.00元,7000+人收货,慕艳雪旗舰店,浙江
218,黑色帽子男士冬季潮堆堆帽男士大头围冷帽包头帽针织帽保暖毛线帽,5.62元,7000+人收货,天天特卖工厂店,浙江
219,定制款~红色巴拉克拉法帽女2023冬季新款保暖脖套帽子围巾一体ins,39.00元,7000+人收货,芝士商店cheese,浙江
220,雷锋帽男女东北棉帽子冬季护耳防寒防风帽冻户外骑车加厚保暖神器,17.80元,7000+人收货,玖霖旗舰店,浙江
221,骑车面罩防风防寒神器秋冬季保暖全脸女帽子男口罩护耳冬天电动车,4.80元,7000+人收货,hcop旗舰店,浙江
222,稻草人男士帽子雷锋帽冬季加绒保暖爸爸爷爷老年人防寒护耳老人帽,29.90元,7000+人收货,稻草人服饰配件旗舰店,浙江
223,婴儿帽子秋冬季可爱超萌新生婴幼儿胎帽男女宝宝毛线帽初生针织帽,19.80元,7000+人收货,依依宝贝studio,浙江
224,啄木鸟中老年人帽子男士冬季棒球男老年冬天男爸爸爷爷保暖鸭舌帽,36.90元,7000+人收货,啄木鸟纳众专卖店,浙江
225,帽子女冬天防寒护耳防风头套连帽围脖一体电动车骑行保暖头盔内胆,28.00元,7000+人收货,宝姬兰旗舰店,浙江
226,2023新款帽子男女秋冬季保暖护耳针织帽毛线帽黑色灰色加绒户外,12.90元,7000+人收货,欢琳旗舰店,浙江
227,儿童帽子冬季女童加绒秋冬款女孩2023新款毛线帽宝宝针织帽女宝,28.00元,7000+人收货,萌柚兔旗舰店,浙江
228,可爱小熊帽子保暖围脖围巾一体连帽女秋冬季保暖手套加厚绒三件套,42.00元,7000+人收货,型公馆服饰旗舰店,江苏
229,李宁毛线帽男士冬季帽子户外保暖加绒针织帽男运动大头帽冷帽男款,39.00元,7000+人收货,李宁利都全时专卖店,浙江
230,宝宝帽子秋冬季2023新款女童儿童帽子围巾一体男孩婴幼儿围脖加绒,36.00元,7000+人收货,minitutuya旗舰店,浙江
231,100%纯羊毛针织帽子女士秋冬款百搭大帽围防寒遮耳保暖毛线包头帽,129.00元,7000+人收货,绘典旗舰店,浙江
232,KK树儿童帽子秋冬宝宝雷锋帽冬季男童女童小孩加绒保暖护耳帽2023,36.72元,7000+人收货,kocotree旗舰店,浙江
233,正品JEEP吉普帽子男女运动棒球帽防晒纯棉帽子太阳平顶鸭舌帽秋冬,41.08元,7000+人收货,吉普州德专卖店,上海
234,大头围显脸小秋冬宽松毛线帽冷帽潮ins月子保暖护耳灰色针织帽女,6.72元,7000+人收货,天天特卖工厂店,浙江
235,羊毛帽子女秋冬季加厚保暖毛线帽骑行电动车防风防寒护脖套头一体,25.00元,7000+人收货,翡希莉旗舰店,浙江
236,跑量款/纯色羊毛贝雷帽女生冬季百搭蓓蕾帽日系文艺复古画家帽子,29.80元,7000+人收货,胡茬叔叔FOURTHSTUDIO,广东
237,帽子男冬季保暖加绒针织毛线帽冬天男士棉帽防寒围脖骑车男款冬帽,18.80元,7000+人收货,巧米莎旗舰店,浙江
238,新款可爱企鹅保暖毛绒帽子女冬季加厚防寒护耳雷锋帽骑车滑雪帽男,39.00元,7000+人收货,CAPROOM,浙江
239,冬季保暖百搭双面针织毛线帽女潮流字母加厚韩版堆堆帽休闲冷帽男,22.80元,7000+人收货,章小鱼的帽子屋,浙江
240,帽子冬季男士款巴拉克拉法帽针织毛线帽防风防寒头套面罩保暖冷帽,11.88元,7000+人收货,天天特卖工厂店,浙江
241,宝宝儿童帽子可爱护耳加绒加厚帽子围巾一体婴儿帽子秋冬婴幼儿,62.00元,7000+人收货,尼多熊旗舰店,浙江
242,cacuss羊毛毛线帽子男围巾针织帽大头围新款冬季时尚保暖包头冷帽,68.00元,7000+人收货,cacuss旗舰店,江苏
243,蜗牛爬爬家 可爱小熊帽耳朵毛绒帽子女秋冬保暖护耳帽针织毛线帽,32.00元,7000+人收货,蜗牛爬爬家,浙江
244,儿童帽子秋冬季男女童户外骑行防风面罩护耳套头帽宝宝围巾一体帽,29.00元,7000+人收货,首约旗舰店,浙江
245,小熊毛线帽子女2023年新款可爱毛绒保暖毛毛大头围针织头套秋冬季,30.80元,7000+人收货,木村耀司旗舰店,浙江
246,帽子男士秋冬季保暖毛线帽大头围针织帽潮牌棉帽加绒男款冬天冷帽,22.90元,7000+人收货,罕奇旗舰店,浙江
247,帽子男冬季保暖毛线帽针织套头帽冬天男士围脖套帽加厚包头帽骑车,19.80元,7000+人收货,台柔旗舰店,浙江
248,毛线帽男士秋冬帽子潮男款保暖百搭冷帽宽松大头围显脸小针织帽男,5.80元,7000+人收货,淘工厂10元店,浙江
249,小熊耳朵毛绒帽女秋冬季护耳保暖可爱堆堆帽显脸小大头围毛线帽子,20.52元,7000+人收货,问香坊,浙江
250,秋冬季加绒男士帽子韩版时尚毛线帽钓鱼旅游骑车户外防寒保暖棉帽,3.50元,7000+人收货,俏俏家居精品日用百货小商品,浙江
251,宝宝帽子秋冬款儿童围巾一体帽女孩可爱婴儿毛绒帽冬季男孩护耳帽,26.80元,7000+人收货,织婴鸟旗舰店,浙江
252,狐狸耳朵帽子围巾一体女秋冬季2023新款保暖骑行防寒护耳可爱围脖,24.90元,7000+人收货,博昂电子商贸有限公司,浙江
253,代购无印毛线帽子女秋冬百搭羊毛混纺针织帽日系大头围保暖护耳帽,26.80元,7000+人收货,无印专购特卖店,浙江
254,防寒帽男冬天老年人帽子男雷锋帽加绒保暖爸爸爷爷骑车棉帽防风帽,29.00元,7000+人收货,貌之恋旗舰店,江苏
255,日系针织帽笑脸标毛线帽子女秋冬季可爱潮流百搭护耳黑色保暖男,8.90元,7000+人收货,简牛旗舰店,浙江
256,HUGZ儿童帽子秋冬针织毛线帽围巾一体男女孩宝宝护耳防风2023新款,89.00元,6000+人收货,HUGZ旗舰店,浙江
257,中老年人东北雷锋帽男护耳冬季爷爷加厚保暖老人火车头爸爸棉帽子,26.00元,6000+人收货,拼棉旗舰店,浙江
258,骑行面罩围脖一体帽子男冬季骑车保暖防风防寒滑雪脖套头套女秋冬,37.80元,6000+人收货,无橘旗舰店,浙江
259,初生婴儿隔离防护面罩宝宝防飞沫帽儿童遮脸防疫帽可调节防护帽子,8.96元,6000+人收货,天天特卖工厂店,浙江
260,电动车保暖帽子围脖一体帽女冬天骑车加绒加厚新款防风套头帽保暖,11.68元,6000+人收货,百兰诗旗舰店,浙江
261,儿童帽子冬季男孩针织毛线护耳帽中大童保暖加厚围脖亲子套头棉帽,29.00元,6000+人收货,待续春风旗舰店,浙江
262,帽子女秋冬2023新款百搭显脸小加厚保暖毛线帽护耳包头冷帽针织帽,21.90元,6000+人收货,天天特卖工厂店,浙江
263,秋冬贝雷帽女生韩版百搭显脸小八角帽文艺复古报童帽日系画家帽子,32.00元,6000+人收货,胡茬叔叔FOURTHSTUDIO,广东
264,狐狸毛毛绒帽子围巾一体女款秋冬季时尚可爱骑车围脖保暖2023新款,29.00元,6000+人收货,怡情花旗舰店,浙江
265,帽子冬季女加绒加厚防风面罩电动车骑行保暖神器男头套棉帽雷锋帽,16.31元,6000+人收货,天天特卖工厂店,浙江
266,杨幂同款小熊帽子女毛绒保暖2023新款冬季韩版可爱防寒护耳针织帽,29.80元,6000+人收货,billizilly旗舰店,广东
267,帽子冬季男女通用韩版加绒加厚针织帽保暖毛线帽帽子围脖两件套,5.98元,6000+人收货,精选高端皮具特卖,浙江
268,宝宝帽子围脖一体口罩秋冬季儿童毛绒护耳套头帽男童女童可爱超萌,19.90元,6000+人收货,依依宝贝studio,浙江
269,冬天保暖男女户外骑行电动车挡风御寒防冻头盔内衬加绒加厚套头帽,10.90元,6000+人收货,美帽搭档,浙江
270,帽子女士冬季2023新款保暖骑车防风面罩防寒加厚护颈脖套围脖一体,8.62元,6000+人收货,天天特卖工厂店,浙江
271,婴儿帽子秋冬款纯棉新生婴幼儿春秋护卤门帽初生宝宝可爱冬季胎帽,14.80元,6000+人收货,金顶冠旗舰店,浙江
272,帽子男士冬季鸭舌帽遮阳太阳帽春秋款钓鱼帽骑车防晒女棒球帽夏天,9.90元,6000+人收货,纪梵保罗旗舰店,浙江
273,中老年人帽子男冬季保暖爸爸老人皮帽加绒加厚防风老头护耳鸭舌帽,39.90元,6000+人收货,啄木鸟纳众专卖店,浙江
274,帽子男士秋冬保暖毛线帽男款百搭冷帽潮宽松大头围显脸小针织帽男,7.57元,6000+人收货,天天特卖工厂店,浙江
275,鹿角帽子女冬季毛绒加厚保暖东北棉帽户外骑车防风寒护耳雷锋帽男,29.80元,6000+人收货,羡项旗舰店,浙江
276,洋气好看的大头围针织毛线堆堆帽子女士秋冬季款2023新款冬天百搭,9.61元,6000+人收货,天天特卖工厂店,浙江
277,针织帽男帽子女秋冬季毛线帽黑色2023新款冷帽美式大头围保暖1277,19.80元,6000+人收货,苏宁易购官方旗舰店,江苏
278,毛线帽男士冬季冷帽潮牌日系冬天保暖棉帽男生秋冬帽子男款针织帽,24.00元,6000+人收货,贝纳登旗舰店,浙江
279,【88VIP】小熊帽子围巾一体女秋冬季骑行防寒保暖护耳可爱毛绒手套口罩百搭,99.00元,6000+人收货,银泰百货旗舰店,浙江
280,外贸帽子秋冬针织毛线帽男士运动抓绒帽双面可戴护耳冷帽防寒保暖,32.80元,6000+人收货,莱艳宛旗舰店,广东
281,可爱小熊毛绒针织毛线帽子女2023新款秋冬季保暖毛茸茸套头护耳帽,18.80元,6000+人收货,恋图秀旗舰店,浙江
282,李宁帽子男士冬季保暖防寒毛线帽男冬天防静电大头围针织帽冷帽女,39.00元,6000+人收货,李宁利都全时专卖店,浙江
283,帽子男士冬季鸭舌帽骑车钓鱼帽防晒遮阳太阳帽女春秋款黑色棒球帽,7.49元,6000+人收货,纪梵保罗旗舰店,浙江
284,毛线帽子女秋冬季大头围羊毛加厚保暖护耳针织堆堆冷帽男2023新款,38.00元,6000+人收货,木村耀司旗舰店,浙江
285,帽子男士冬季中老年人保暖护耳老人爸爸爷爷加厚针织毛线帽男冬天,19.90元,6000+人收货,婕客旗舰店,浙江
286,跑步帽子户外登山保暖速干运动帽防风护耳透气护额头男女秋冬冷帽,17.90元,6000+人收货,行走派正品商城,浙江
287,毛线帽子秋冬保暖针织帽护耳帽女户外骑车防风弹力包头帽男士冷帽,9.80元,6000+人收货,雯茹蒽旗舰店,浙江
288,儿童帽子男童冬季护耳毛绒宝宝可爱恐龙男孩秋冬款手套围巾一体帽,27.90元,6000+人收货,卓花姿旗舰店,浙江
289,冬季骑行帽子女保暖防寒风神器套头电动车风雪遮脸男面罩棉雷锋帽,58.00元,6000+人收货,六彩凤旗舰店,江苏
290,针织毛绒耳朵棉帽2023新款秋冬保暖毛线小熊帽子女冬季可爱白色茸,28.80元,6000+人收货,依衫舞芭旗舰店,浙江
291,小熊帽子围巾一体女秋冬季骑车防寒围脖保暖护耳可爱毛绒手套口罩,35.00元,6000+人收货,惟嫒旗舰店,浙江
292,帽子男冬天羊毛针织帽冷帽防寒羊绒毛线帽加厚保暖秋冬季男士,35.80元,6000+人收货,雾敦堡旗舰店,浙江
293,儿童小熊帽子秋冬季男女童口罩围脖一体可爱加厚保暖宝宝护耳棉帽,13.80元,6000+人收货,天天特卖工厂店,浙江
294,男士帽子2023新款秋冬季男款保暖防风护耳毛线针织帽加厚女款冷帽,8.42元,6000+人收货,天天特卖工厂店,浙江
295,啄木鸟中老年帽子男士冬季爷爷爸爸鸭舌帽冬天老年保暖加厚棒球帽,38.00元,6000+人收货,啄木鸟纳众专卖店,浙江
296,帽子女2023新款冬季加厚毛绒保暖小熊防风骑车围巾一体口罩三件套,16.80元,6000+人收货,公子慢走旗舰店,江苏
297,帽子男士冬季加绒保暖毛线帽冷帽包头春秋针织帽薄款堆堆帽女潮款,18.90元,6000+人收货,纪梵保罗旗舰店,浙江
298,日系宽松大头围加厚毛线针织帽子女冬季显脸小保暖护耳堆堆帽男潮,10.24元,6000+人收货,淘工厂特卖店,北京
299,显脸小兔毛渔夫帽女秋冬百搭保暖大头围盆帽白色素颜毛绒水桶帽子,35.80元,6000+人收货,卡菲翔旗舰店,浙江
300,新款2023秋冬季毛呢八角帽子女网红画家贝雷帽鸭舌ins百搭显脸小,29.80元,6000+人收货,INTHEDREAM旗舰店,浙江
301,FINE STATE黑色帽子新款2023爆款针织帽毛线帽男士冬季大头围冷帽,32.00元,6000+人收货,FINESTATE旗舰店,浙江
302,可爱小熊卡通毛绒连帽围脖女冬季冬天保暖手套帽子围巾一体三件套,25.00元,6000+人收货,黑眼豆豆zhou,浙江
303,中老年人帽子男士2023新款秋冬保暖棒球帽加厚户外百搭爸爸鸭舌帽,13.90元,6000+人收货,博昂电子商贸有限公司,浙江
304,GULESWYCAP毛绒复古针织堆堆帽子女显脸小秋冬防寒保暖毛线冷帽男,38.00元,6000+人收货,GULES WY,广东
305,头套男女摩托车头盔内衬冬季防风寒面罩冬天骑车保暖神器加绒帽子,8.90元,6000+人收货,纪梵保罗旗舰店,浙江
306,中老年人妈妈毛线帽女士冬季加绒加厚兔毛保暖老太太奶奶帽子洋气,28.00元,6000+人收货,婕客旗舰店,浙江
307,高级感台灯帽女生气质素雅纯色盆帽冬季保暖素颜遮脸水桶帽渔夫帽,38.00元,6000+人收货,胡茬叔叔FOURTHSTUDIO,广东
308,2023新款帽子女秋冬季毛绒围脖一体卡通小熊保暖防寒连帽围巾骑行,25.00元,6000+人收货,宝姬兰旗舰店,浙江
309,真兔毛白色毛绒帽子女秋冬季保暖显脸小护耳毛线帽皮草针织渔夫帽,53.00元,6000+人收货,卡菲翔旗舰店,浙江
310,帽子冬季男女通用韩版加绒加厚针织帽保暖毛线帽帽子围脖两件套,6.90元,6000+人收货,精选高端皮具特卖,浙江
311,馨帮帮秋冬搞怪卡通小狗套头帽子女眼睛长耳朵加厚保暖可爱毛绒帽,36.90元,6000+人收货,馨帮帮sinbounboun Acc配饰店,广东
312,中年妈妈帽子女冬季加绒保暖毛线帽中老年人奶奶姥姥老人棉帽围巾,59.00元,6000+人收货,somubay旗舰店,广东
313,伯希和户外抓绒帽男女冬摇粒绒围巾保暖滑雪骑行帽子运动防风围脖,39.00元,6000+人收货,伯希和官方旗舰店,山东
314,可爱小熊耳朵毛毛帽子女款冬显脸小大头围保暖毛线帽毛绒帽雷锋帽,29.90元,6000+人收货,OM原创潮品,浙江
315,回力男士帽子冬季新款防风防寒保暖棉护耳加绒包头帽骑行毛线帽男,25.10元,6000+人收货,金格尔运动专营店,上海
316,毛绒绒针织帽子女秋冬季新款显脸小大头围护耳保暖堆堆冷帽毛线帽,19.80元,6000+人收货,元菲璐旗舰店,浙江
317,冬季妈妈帽子女老人奶奶加绒兔毛线帽中老年人保暖帽加厚针织棉帽,32.90元,6000+人收货,卡帝乐鳄鱼宏丰专卖店,浙江
318,鞠婧t同款帽子女款2023新款大头围卷边堆堆帽高级感秋冬针织冷帽,29.00元,6000+人收货,卡菲翔旗舰店,浙江
319,防风帽子男士冬季骑行加厚保暖面罩护耳围脖头套骑车防寒雷锋棉帽,19.90元,6000+人收货,威伯丹旗舰店,浙江
320,婴儿帽子秋冬季男宝可爱护耳冬帽女童儿童秋冬款幼儿女宝宝毛线帽,25.80元,6000+人收货,布丁新语旗舰店,浙江
321,儿童帽子冬季男孩围脖围巾一体手套恐龙三件套秋冬男女童宝宝帽子,27.90元,6000+人收货,熊朵旗舰店,浙江
322,加厚针织毛线帽女冬季保暖加绒套头帽防寒防风月子包头帽冷帽帽子,26.00元,6000+人收货,首约旗舰店,浙江
323,李宁官方毛线帽子男款冬季大头围防风护耳冷帽加厚保暖防寒针织帽,38.99元,6000+人收货,李宁利都全时专卖店,浙江
324,系带可爱卡通小熊针织毛线帽子女秋冬保暖咖色毛绒绒大头围套头帽,25.90元,6000+人收货,疯帽子在等待爱丽丝,浙江
325,鳄鱼2024年新款帽子男士秋冬保暖鸭舌帽中老年冬季棒球帽加绒加厚,31.28元,6000+人收货,cartelo途乐专卖店,上海
326,新款灵动狐狸耳帽子女秋冬季骑车保暖防寒毛绒帽子围巾一体三件套,36.90元,6000+人收货,芋水萌旗舰店,江苏
327,大头可戴厚款针织帽女加厚护耳保暖套头帽子冬高品质显脸小毛线帽,12.80元,6000+人收货,蒂芙旗舰店,广东
328,慵懒风大头围堆堆帽女秋冬季时尚套头月子帽冷帽显脸小包头帽子女,26.90元,5000+人收货,蜗牛爬爬家,浙江
329,R标咖啡色棒球帽女大头围显瘦显脸小百搭运动帽子男韩版鸭舌帽潮,35.00元,5000+人收货,胡茬叔叔FOURTHSTUDIO,广东
330,Jeep吉普棒球帽男款帽子加绒保暖帽春秋冬季男士品牌鸭舌帽太阳帽,53.00元,5000+人收货,JEEP吉普正品特卖店,河北
331,白色毛绒帽子女冬季可爱网红保暖加绒显脸小兔毛水桶渔夫帽大头围,36.80元,5000+人收货,渐渐青旗舰店,广东
332,毛绒地主帽女秋冬新款防寒保暖帽子东北盆帽护耳帽显脸小渔夫帽潮,39.00元,5000+人收货,雪林鹿旗舰店,浙江
333,冬天儿童可爱小熊帽子围巾一体冬季新款男童女童宝宝加厚毛绒围脖,11.61元,5000+人收货,天天特卖工厂店,浙江
334,秋冬季小熊熊帽子围巾一体女冬天保暖毛绒手套三件套可爱连帽护耳,42.00元,5000+人收货,型公馆服饰旗舰店,江苏
335,冬季保暖头套男女防寒风面罩帽子冬天骑行电动车加绒加厚围脖护脸,39.90元,5000+人收货,辉煌旗觎店,浙江
336,芝士商店~羊毛巴拉克拉法帽女防风保暖骑行脖套护耳帽子围巾一体,34.00元,5000+人收货,芝士商店cheese,浙江
337,ins针织帽子女冬天新款保暖护耳毛线帽韩版宽松大头围网红堆堆帽,28.80元,5000+人收货,mmaocoe旗舰店,浙江
338,稻草人渔夫帽子女秋冬2023新款百搭时尚显脸小保暖加厚毛绒盆帽潮,32.00元,5000+人收货,稻草人晓桦专卖店,浙江
339,秋冬帽子男士中老年人毛呢帽冬季户外护耳棒球帽鸭舌帽保暖爸爸帽,9.90元,5000+人收货,陈喵喵小帽铺,浙江
340,日本帽子女新款银标毛绒渔夫帽大檐秋冬加厚保暖水桶帽百搭盆帽,38.00元,5000+人收货,茉娇婷旗舰店,浙江
341,秋冬毛线帽子女保暖头巾包头帽头套女针织帽宽边护额遮白发发带帽,12.80元,5000+人收货,壹加壹四季帽饰,浙江
342,韩系出片~显脸小纯色系带针织毛线飞行帽女冬百搭护耳学生雷锋帽,29.76元,5000+人收货,奶油小鹿,浙江
343,儿童成人圣诞老人帽子装扮头饰小礼品圣诞节装饰品创意礼物圣诞帽,9.90元,5000+人收货,青陌旗舰店,浙江
344,可爱小熊帽子秋冬季女加厚保暖围巾一体连帽围脖手套三件套针织帽,45.00元,5000+人收货,型公馆服饰旗舰店,江苏
345,黑色贝雷帽女春秋款2023新款ins画家帽显脸小八角帽子大头围秋冬,14.50元,5000+人收货,黑眼豆豆zhou,浙江
346,毛绒帽女兔毛渔夫帽2023冬季新款毛毛帽子保暖大头围显脸小毛茸茸,34.90元,5000+人收货,问香坊,浙江
347,大头围黑色贝雷帽女春秋新款显脸小反戴前进帽秋冬羊毛呢画家帽子,33.00元,5000+人收货,卡菲翔旗舰店,浙江
348,黑色贝雷帽女夏季春秋款韩系大头围蓓蕾帽显脸小网红八角画家帽子,16.80元,5000+人收货,ECNC旗舰店,浙江
349,婴儿帽子秋冬季保暖围巾两件套宝宝可爱防风加厚毛绒套头帽男女童,23.80元,5000+人收货,圣冰猴旗舰店,浙江
350,毛线帽子女款2023新款秋冬季大头围宽松针织堆堆帽百搭显脸小冷帽,35.00元,5000+人收货,卡菲翔旗舰店,浙江
351,帽子男冬季保暖加厚针织毛线帽户外骑车护耳套头帽不加绒包头帽子,12.90元,5000+人收货,天天特卖工厂店,浙江
352,兔毛渔夫帽女2023秋冬季毛绒帽大头围显脸小保暖毛茸茸帽子水桶帽,19.90元,5000+人收货,问香坊,浙江
353,帽子围巾一体男防寒男士冬季保暖毛绒男生围脖耳罩男生三件套圣诞,36.00元,5000+人收货,柔立旗舰店,浙江
354,茉娇婷兔毛帽子女秋冬款加厚保暖防寒毛线帽显脸小皮草毛绒渔夫帽,55.00元,5000+人收货,茉娇婷旗舰店,浙江
355,儿童帽子冬季保暖女童毛绒帽围巾一体帽新款挡风口罩手套男宝宝帽,32.80元,5000+人收货,邦爵鸟旗舰店,浙江
356,卡帝乐鳄鱼帽子男士2023新款秋冬季棒球帽潮鸭舌帽防晒太阳帽男款,28.00元,5000+人收货,卡帝乐柔尚专卖店,浙江
357,清冷氛围感~软糯显脸小韩版帽子女生秋冬季防寒加厚毛绒针织线帽,31.50元,5000+人收货,陈奶奶的Hatshop,浙江
358,CviosKioam真兔毛毛绒帽子女秋冬季保暖显脸小护耳皮草针织渔夫帽,129.00元,5000+人收货,CviosKioam旗舰店,浙江
359,儿童帽子围巾一体男女童保暖包头帽宝宝毛绒护耳帽秋冬款针织帽子,17.54元,5000+人收货,蕾思绮旗舰店,浙江
360,帽子男士秋冬硬顶户外女防晒遮阳帽透气时尚潮休闲加长百搭鸭舌帽,4.80元,5000+人收货,宫珏企业店,浙江
361,帽子女冬季2023新款毛绒渔夫帽保暖护耳雷锋帽加厚冬天女士款盆帽,28.80元,5000+人收货,从佐旗舰店,浙江
362,初生婴儿隔离防护面罩宝宝防飞沫帽儿童遮脸防疫帽可调节防护帽子,12.80元,5000+人收货,MS家有爱宝,浙江
363,儿童护耳帽可爱超萌秋冬季加厚保暖女宝宝针织帽韩版男孩子防风帽,29.80元,5000+人收货,怀中兔旗舰店,浙江
364,宝宝帽子冬骑行保暖毛绒帽男女童防护面罩儿童围巾手套一体帽防风,32.00元,5000+人收货,图兰蜜旗舰店,浙江
365,堆堆帽子男款毛线帽男生秋冬保暖冷帽大头围棉帽针织帽包头帽男士,23.00元,5000+人收货,贝纳登旗舰店,浙江
366,23秋冬新款帽子洋基队NY毛线帽男女时尚百搭针织帽LA保暖冷帽情侣,39.00元,5000+人收货,荷扉旗舰店,广东
367,疯帽子贝雷帽女羊毛呢蓓蕾秋冬韩版日系画家帽黑色英伦复古大头围,89.00元,5000+人收货,疯帽子与爱丽丝旗舰店,广东
368,帽子男士冬天加厚保暖毛线帽围脖一体冬季骑车防风防寒棉帽针织帽,25.00元,5000+人收货,曲珊旗舰店,浙江
369,帽子女冬连体帽中老年人妈妈加绒厚毛线帽奶奶骑车保暖防风帽围脖,28.00元,5000+人收货,hhmeer旗舰店,江苏
370,AZFZ金智妮jennie同款小熊帽子围巾一体女可爱围脖护耳朵秋冬保暖,128.00元,5000+人收货,AZFZ旗舰店,江苏
371,骑车防风面罩男士秋冬季帽子围巾一体女加绒防寒保暖电动车套头帽,11.00元,5000+人收货,蒂芙旗舰店,广东
372,降温福利！！新款小熊毛绒帽冬天加绒加厚保暖防风护耳包头帽,28.90元,5000+人收货,今日 优选,浙江
373,2023新款帽子围巾一体女秋冬季保暖大围脖三件套毛绒简约护耳连帽,33.80元,5000+人收货,漂靓依秀旗舰店,浙江
374,儿童帽子可爱毛绒围巾一体式耳朵会动女童围脖防风保暖宝宝护耳帽,18.80元,5000+人收货,亲亲岛旗舰店,浙江
375,正版迪士尼史迪仔帽子围巾一体女冬季可爱毛绒加厚保暖手套三件套,38.80元,5000+人收货,宝茵菲旗舰店,浙江
376,宝宝帽子围巾一体韩版保暖男女童包头帽可爱超萌儿童毛绒护耳帽冬,23.80元,5000+人收货,灵盯盯旗舰店,浙江
377,羊毛呢渔夫帽女秋冬季小香风法式复古赫本风蝴蝶结气质名媛礼帽子,58.00元,5000+人收货,贵伦美旗舰店,浙江
378,老人帽子男士爷爷冬天保暖针织毛线帽中老年人爸爸冬季加绒护耳帽,49.00元,5000+人收货,丘别凯旗舰店,浙江
379,巴拉克拉法帽子女秋冬季韩版百搭保暖护耳大头围显脸小包头帽冬天,44.99元,5000+人收货,unclecm,浙江
380,美拉德堆堆帽子女冬季网红大头围显脸小毛线帽保暖针织冷帽高级感,36.80元,5000+人收货,渐渐青旗舰店,广东
381,灰色针织帽男款冷帽子女士秋冬2023新款大头围美式高级感粗线1277,19.80元,5000+人收货,苏宁易购官方旗舰店,江苏
382,儿童帽子围巾一体女童冬季加厚保暖防风护耳帽宝宝加绒手套围脖,23.80元,5000+人收货,浅萌旗舰店,浙江
383,日系毛绒渔夫帽子女秋冬季显脸小彩色兔毛针织帽大头围保暖毛线帽,38.00元,5000+人收货,茉娇婷旗舰店,浙江
384,巴拉克拉法帽子男士护耳头套防风面罩护脸护脖保暖针织毛线冷帽,14.90元,5000+人收货,森下户外,浙江
385,帽子女冬天防风面罩骑行防寒加绒厚头套电动车保暖神器雷锋棉帽男,29.00元,5000+人收货,dulin度琳旗舰店,浙江
386,帽子女士冬季2023新款保暖骑车防风防寒加厚护颈脖套围脖一体面罩,2.64元,5000+人收货,天天特卖工厂店,浙江
387,儿童冬季帽子围脖一体帽两件套婴儿可爱毛绒男女童宝宝保暖护耳厚,29.80元,5000+人收货,慕佩奇旗舰店,浙江
388,护耳针织毛线帽子女秋冬季户外保暖套头帽骑车防风防寒加厚包头帽,25.00元,5000+人收货,台柔旗舰店,浙江
389,大头围毛线帽子女2023秋冬季新款保暖显脸小针织堆堆百搭护耳冷帽,19.80元,5000+人收货,cgediao旗舰店,浙江
390,兔毛针织帽女秋冬2023新款大头围保暖加厚毛线帽子显脸小包头冷帽,29.80元,5000+人收货,黑眼豆豆zhou,浙江
391,毛绒兔子耳朵帽子围巾手套一体帽三件套可爱女冬季加厚围脖保暖,29.61元,5000+人收货,问香坊,浙江
392,[THE HOBOO] 日系原创半边圆毛线帽女秋冬冷帽男保暖针织帽子潮牌,39.00元,5000+人收货,THE HOBOO,广东
393,美式拼色毛线帽男冬天加厚保暖护耳针织帽男士冷帽女包头帽子潮流,21.80元,5000+人收货,零冒潮品,浙江
394,jeep吉普雷锋帽男士冬天骑车电动车防风防寒帽保暖东北套头帽子男,59.90元,5000+人收货,Jeep西岛专卖店,浙江
395,中老年帽子女冬天毛线棉帽奶奶妈妈护耳保暖老人老太太兔毛针织帽,28.00元,5000+人收货,艾丹尼旗舰店,浙江
396,小熊帽子围巾一体男冬季可爱冬天情侣连帽护耳骑车保暖围脖男款冬,19.90元,5000+人收货,卡莲伦旗舰店,浙江
397,冬天帽子男女士秋冬季加绒加厚针织帽骑车防寒毛线帽青年百搭冷帽,10.49元,5000+人收货,天养合居旗舰店,浙江
398,小熊帽子秋冬女围巾手套一体冬季围脖卡通可爱保暖毛绒冬天三件套,25.80元,5000+人收货,卡兰薇旗舰店,浙江
399,加绒毛线帽子女秋冬保暖护耳美拉德韩显脸小套头卷边学生针织冷帽,22.80元,5000+人收货,mmaocoe旗舰店,浙江
400,帽子男韩版潮春秋遮阳棒球帽日系简约防晒百搭显脸小鸭舌帽女士潮,9.90元,5000+人收货,甜汐配饰,浙江
401,小熊帽子女秋冬季骑车百搭针织毛线帽保暖帽显脸小2023新款月子帽,19.60元,5000+人收货,罗兰蒂旗舰店,浙江
402,毛绒小狗帽子加厚可爱大眼保暖秋冬季毛茸茸卡通耳朵雷锋帽女,12.64元,5000+人收货,天天特卖工厂店,浙江
403,宝宝帽子秋冬季围巾一体毛绒帽婴幼儿护耳男童女童保暖加厚可爱冬,25.77元,5000+人收货,贝娜茜旗舰店,浙江
404,稻草人帽子男士冬季保暖东北加绒加厚防风防寒护耳骑行pu皮雷锋帽,43.95元,5000+人收货,稻草人服饰配件旗舰店,浙江
405,啄木鸟帽子男冬天骑行加绒加厚护耳防寒摩托车保暖棉帽男士毛线帽,26.90元,5000+人收货,啄木鸟纳众专卖店,浙江
406,黑色毛绒渔夫帽女2023新款秋冬小香风显脸小素颜针织水桶月子帽子,15.33元,5000+人收货,天天特卖工厂店,浙江
407,小熊帽子女冬季毛绒保暖加厚骑车防风连帽围脖围巾一体口罩三件套,32.90元,5000+人收货,尚品艾嘉形象店,江苏
408,宝宝冬季帽子围巾一体手套加绒保暖儿童防风护耳男女童加厚毛绒帽,16.80元,5000+人收货,乐婴爱母婴专营店,江苏
409,帽子男士冬季中老年人保暖护耳老人爸爸爷爷加厚针织毛线帽男冬天,11.90元,5000+人收货,天天特卖工厂店,浙江
410,小熊帽子围巾一体冬季女2023爆款骑车可爱保暖加厚围脖防风三件套,41.90元,5000+人收货,芭姿莎旗舰店,江苏
411,秋冬款防晒鸭舌帽男女同款加深加宽显脸小软顶帽子韩版潮流棒球帽,33.00元,5000+人收货,胡茬叔叔FOURTHSTUDIO,广东
412,石原里美羊毛贝雷帽女英伦复古大头围黑色画家秋冬毛呢帽子蓓蕾帽,35.00元,5000+人收货,真蔚旗舰店,浙江
413,儿童帽子2023秋冬新款宝宝毛绒帽子围巾一体保暖护耳帽女童针织帽,25.80元,5000+人收货,星星泡银河旗舰店,浙江
414,李宁毛线帽冬季保暖运动黑色帽子防风防寒冬天针织帽男士冷帽女生,35.00元,5000+人收货,新蓝天运动专营店,广东
415,儿童小熊帽子冬季围巾手套一体帽男女童口罩护耳帽加绒宝宝保暖帽,36.80元,5000+人收货,依依宝贝studio,浙江
416,儿童帽子女童男童秋冬季围脖一体可爱超萌加厚保暖毛绒宝宝护耳帽,12.60元,5000+人收货,沐婷服饰,江苏
417,巴拉克拉法帽子男士冬季保暖面罩围巾一体连帽围脖男加绒骑车护耳,26.80元,5000+人收货,dulin度琳旗舰店,浙江
418,羊羔毛绒棒球帽女冬季2023年新爆款时尚百搭帽子秋冬毛茸茸鸭舌帽,19.60元,5000+人收货,米莉的新帽子铺,浙江
419,毛绒渔夫帽女冬季新款加厚保暖盆帽防风护耳雷锋帽冬天毛茸茸帽子,26.80元,5000+人收货,黑眼豆豆zhou,浙江
420,大头围帽子女冬季新款羊羔毛渔夫帽秋冬显脸小水桶帽大脸保暖盆帽,27.59元,5000+人收货,慕艳雪旗舰店,浙江
421,网红堆堆帽女秋冬日系显脸小包头冷帽大头围抽绳卷边针织毛线帽子,7.80元,5000+人收货,五优家家健光专卖店,浙江
422,三丽鸥美乐蒂库洛米玉桂狗帕恰狗儿童可爱毛绒帽子围巾手套一体女,62.00元,5000+人收货,颜娅怡旗舰店,浙江
423,婴儿帽子秋冬季胎帽新生婴儿帽冬小宝宝0一3一6一12月婴幼儿可爱,11.80元,5000+人收货,小糯米的秘密小屋,浙江
424,大头围秋冬鸭舌帽子女黑色复古画家贝雷帽显脸小云朵八角帽潮休闲,15.13元,5000+人收货,天天特卖工厂店,浙江
425,冬季针织帽男加绒毛线帽围脖一体套帽护耳防寒保暖钓鱼鸭舌帽护脸,29.80元,5000+人收货,伦纪旗舰店,广东
426,啄木鸟毛线帽子男士冬季加厚骑车针织帽冬天加绒保暖防寒防风棉帽,28.00元,5000+人收货,啄木鸟纳众专卖店,浙江
427,冬季保暖显脸小毛绒针织帽子女韩版百搭护耳可爱长辫子毛毛雷锋帽,25.00元,5000+人收货,西窗烛旗舰店,浙江
428,骑车保暖神器帽子女秋冬季头盔内胆防风面罩围脖护耳护颈电动车帽,15.80元,5000+人收货,丽玫壹佰旗舰店,浙江
429,可爱狐狸耳朵毛绒帽子女冬季加厚加绒保暖骑车防寒东北护耳雷锋帽,32.00元,5000+人收货,慕艳雪旗舰店,浙江
430,儿童帽子秋冬季宝宝毛线帽时尚女童针织帽男童护耳帽保暖防风冬天,28.00元,5000+人收货,小贝童品kids,浙江
431,赵露思同款秋冬季渔夫帽子女2023新款素颜大帽檐防晒遮阳帽鸭舌帽,35.00元,5000+人收货,billizilly旗舰店,广东
432,日系秋冬冬复古百搭冬季贝雷帽韩版女潮英伦蓓蕾画家帽子女网红款,10.90元,5000+人收货,问香坊,浙江
433,日系可爱笑脸标毛线帽子女秋冬季保暖潮流百搭护耳黑色针织帽男,8.90元,4000+人收货,扯旗舰店,浙江
434,加厚毛绒绒针织帽子女秋冬款防寒毛线帽保暖护耳显脸小韩版大头围,36.99元,4000+人收货,unclecm,浙江
435,大头围毛线帽子女秋冬羊毛混纺冷帽潮百搭灰色宽松保暖针织帽男,39.00元,4000+人收货,茉娇婷旗舰店,浙江
436,玖慕纯羊毛针织帽子男士秋冬大头围双层加厚保暖骑车护耳毛线冷帽,79.00元,4000+人收货,玖慕旗舰店,浙江
437,冬季保暖大面罩护目全脸防寒风口罩加厚男女户外骑行防尘护耳护脸,9.90元,4000+人收货,瞎逛的猫旗舰店,浙江
438,帽子男冬季防寒面罩围脖护耳雷锋帽棉骑行摩托车头套防风保暖神器,25.90元,4000+人收货,首约旗舰店,浙江
439,大头围帽子秋冬宽帽檐女加深男棒球帽四季鸭舌帽大脸硬顶黑色冬季,24.90元,4000+人收货,型公馆服饰旗舰店,江苏
440,帽子男冬季电动车防风防寒冬天骑车保暖神器棉帽女护耳雷锋帽男士,19.80元,4000+人收货,天天特卖工厂店,浙江
441,秋冬亲子男女儿童帽子围巾一体套装宝宝暖加厚围脖套头帽加厚保暖,9.00元,4000+人收货,冰淇淋服饰配件,江苏
442,冬款可爱腮红小熊帽子冬季女毛绒茸护耳冬天保暖围巾一体秋冬百搭,25.80元,4000+人收货,依衫舞芭旗舰店,浙江
443,OVANCY可爱小熊毛绒帽子女冬季显脸小日系保暖毛茸茸针织毛线帽潮,42.00元,4000+人收货,ovancy旗舰店,浙江
444,儿童帽子围脖一体秋冬女童兔耳朵会动围巾加厚毛绒可爱宝宝护耳,20.90元,4000+人收货,Dreambaby柠檬童装,浙江
445,帽子围巾一体加厚风雪帽秋冬新款松鼠绒毛线编织女保暖网红帽,18.00元,4000+人收货,吴小姐精品优选好物,河北
446,兔毛帽子女秋冬季显脸小毛茸茸毛绒帽潮保暖护耳皮草渔夫帽大头围,45.00元,4000+人收货,黑眼豆豆zhou,浙江
447,休闲百搭鸭舌帽潮牌棒球帽男女同款,5.90元,4000+人收货,辛选优品,北京
448,侧面cm赫本风羊毛呢渔夫帽女款法式复古秋冬礼帽盆帽千金白色帽子,85.00元,4000+人收货,侧面CM,浙江
449,MLB韩国正品新款经典冷帽NY洋基队LA道奇队男女保暖针织帽毛线帽,126.00元,4000+人收货,卡特王 正品韩代,浙江
450,毛绒帽子围巾一体女冬款围脖小熊秋冬季女士骑车保暖时尚2023新款,19.80元,4000+人收货,怡情花旗舰店,浙江
451,老人帽子男冬季中年爸爸帽保暖秋冬天中老年人老头爷爷鸭舌帽护耳,39.00元,4000+人收货,赛茜曼旗舰店,浙江
452,稻草人帽子女秋冬季时尚百搭盆帽2023年爆款新款渔夫帽保暖洋气潮,29.00元,4000+人收货,稻草人服饰配件旗舰店,浙江
453,65CM大头围毛线帽男冬季黑色加绒毛线帽大码针织帽粗针织冷帽子女,29.00元,4000+人收货,戴木帽的安妮旗舰店,浙江
454,战术鸟大头围冬季雷锋帽男东北防寒保暖防风棉帽子大号大码军爸爸,78.00元,4000+人收货,战术鸟旗舰店,广东
455,帽子围脖一体女加绒保暖毛线帽老人针织帽奶奶帽冬季妈妈骑车神器,29.90元,4000+人收货,风格兔旗舰店,浙江
456,帽子女士冬季骑行保暖护耳神器电动车防风头套加绒加厚防寒雷锋帽,20.90元,4000+人收货,树洞先森您好,浙江
457,棒球帽定做太阳帽鸭舌帽男女士儿童广告遮阳帽子印字刺绣定制logo,3.90元,4000+人收货,九州帽业,北京
458,帽子男冬季保暖加绒加厚毛线帽男款针织帽套头帽冬天男士包头帽潮,23.00元,4000+人收货,贝纳登旗舰店,浙江
459,儿童帽子电动车骑车头罩挡风防风面罩冬季防冻帽保暖女童冬天头套,17.90元,4000+人收货,黛诗晖旗舰店,浙江
460,妈妈帽子女冬季中老年人秋冬天老人奶奶洋气老太太保暖针织毛线帽,68.00元,4000+人收货,缔佳旗舰店,浙江
461,毛绒秋冬格纹渔夫帽女加厚保暖防寒风盆帽字母大头围显脸小水桶帽,9.90元,4000+人收货,曲姿花旗舰店,浙江
462,男士帽子冬季加绒加厚防寒保暖棉帽男冬天中老年爸爸户外护耳帽潮,49.00元,4000+人收货,欧芬莹旗舰店,江苏
463,尼多熊胎帽初生宝宝帽子纯棉囟门帽0一3月幼儿新生婴儿帽子秋冬款,29.00元,4000+人收货,尼多熊旗舰店,浙江
464,儿童帽子秋冬款毛线帽男童男宝婴儿帽子2023新款冬季宝宝帽子男孩,20.60元,4000+人收货,萌柚兔旗舰店,浙江
465,白鹿同款纽扣帽子女秋冬毛绒保暖针织渔夫帽冷帽大头围毛线帽盆帽,17.91元,4000+人收货,粥可可,浙江
466,2023新款堆堆帽秋冬针织卷边保暖帽子女时尚百搭冷帽大头围显脸小,29.90元,4000+人收货,瞎逛的猫旗舰店,浙江
467,秋冬新款毛线帽子女护耳大头围大版加厚帽子保暖百搭套头帽针织帽,39.90元,4000+人收货,我要挣钱,浙江
468,冬季防寒帽中老年人帽子男雷锋帽加绒保暖爷爷防风帽护耳骑车棉帽,27.90元,4000+人收货,卡帝乐鳄鱼宏丰专卖店,浙江
469,帽子男士冬季潮牌针织帽男款毛线帽保暖冷帽大头围堆堆帽加厚棉帽,27.80元,4000+人收货,春虫虫旗舰店,浙江
470,会动的兔耳朵儿童帽子围巾一体2023冬季男孩女童可爱毛绒保暖围脖,12.80元,4000+人收货,糯美小希旗舰店,江苏
471,儿童帽子女冬季围巾围脖一体女童宝宝可爱兔子耳朵会动的毛绒帽潮,45.00元,4000+人收货,六彩凤旗舰店,江苏
472,儿童帽子围巾手套三件套冬季加绒加厚女童一体帽男大童保暖防风帽,31.80元,4000+人收货,天天特卖工厂店,浙江
473,2023新款小熊帽子熊耳朵套头毛线帽女冬季加厚保暖毛绒包头针织帽,24.90元,4000+人收货,疯帽子在等待爱丽丝,浙江
474,小熊耳朵毛绒帽子女冬季保暖毛线帽大头围可爱洋气秋冬护耳针织帽,29.00元,4000+人收货,慕艳雪旗舰店,浙江
475,帽子男士冬季骑车防风帽女针织帽围巾一体防寒头套冬天保暖毛线帽,14.80元,4000+人收货,纪梵保罗旗舰店,浙江
476,加大头围巴拉克拉法帽子男头套冬黑色毛线针织冷帽防风护脸面罩女,24.80元,4000+人收货,krzt旗舰店,浙江
477,啄木鸟中老年帽子男士冬季保暖护耳老人帽爸爸爷爷针织加绒毛线帽,26.90元,4000+人收货,啄木鸟服饰配件旗舰店,浙江
478,韩国正品MLB棒球帽小标男女同款可调节鸭舌帽子NY洋基队LA弯檐帽,127.00元,4000+人收货,老佛爷韩国正品代购,浙江
479,帽子男冬天加厚保暖护颈围脖毛线帽冬季加绒防寒骑车防风包头帽女,14.90元,4000+人收货,妃闲旗舰店,广东
480,冬天妈妈帽子女老太太毛线帽加绒加厚保暖中老年秋冬季休闲骑车帽,9.90元,4000+人收货,喜利多暖耀专卖店,浙江
